{
  "project_info": {
    "project_number": "864551926639",
    "project_id": "matrimonialapp-4322d",
    "storage_bucket": "matrimonialapp-4322d.firebasestorage.app"
  },
  "client": [
    {
      "client_info": {
        "mobilesdk_app_id": "1:864551926639:android:9ac01f02c73634fd6ec69a",
        "android_client_info": {
          "package_name": "com.example.matrimonialapp"
        }
      },
      "oauth_client": [
        {
          "client_id": "864551926639-nv45jei5skevocbd5s8ik5l0fam0a1h3.apps.googleusercontent.com",
          "client_type": 3
        }
      ],
      "api_key": [
        {
          "current_key": "AIzaSyAfSL2p17R0xTq1PqJm3H7Sn1SVFVYjV04"
        }
      ],
      "services": {
        "appinvite_service": {
          "other_platform_oauth_client": [
            {
              "client_id": "864551926639-nv45jei5skevocbd5s8ik5l0fam0a1h3.apps.googleusercontent.com",
              "client_type": 3
            }
          ]
        }
      }
    }
  ],
  "configuration_version": "1"
}